aclaraciones_lla_aclaracion,atributos_item_atributo_item,hist_mod_llamado_mod_llamado,items_item
,,,
"["""", """"]",,"["""", """", """", """"]",
,,,"["""", """"]"
,,"["""", """"]","["""", """", """"]"
,,,
"["""", """", """"]",,"["""", """", """", """"]",
"["""", """", """", """", """", """", """"]",,,
"["""", """", """", """"]",,,
,,"["""", """", """"]",
,,"["""", """", """", """", """", """", """", """", """", """", """", """", """", """", """", """"]",
,,"["""", """", """"]",
,,,"["""", """", """", """", """", """", """", """", """", """", """", """", """", """", """", """", """", """", """", """", """", """", """"]"
,,,"["""", """", """", """", """", """", """", """"]"
"["""", """", """", """", """"]",,"["""", """", """", """"]","["""", """"]"
"["""", """", """"]",,"["""", """", """", """"]",
"["""", """"]",,,
,,"["""", """", """", """", """", """", """", """"]",
,,,"["""", """", """", """", """", """", """", """", """", """", """", """"]"
"["""", """"]",,,
"["""", """", """", """", """", """", """"]",,"["""", """", """", """", """", """", """", """", """", """", """", """", """", """", """", """"]","["""", """", """", """", """"]"
,,,"["""", """", """", """", """", """", """", """", """", """", """", """", """", """", """", """", """", """", """", """", """", """", """", """", """", """", """", """", """", """", """", """", """", """", """", """", """", """", """", """", """", """", """", """", """", """", """", """", """", """", """", """", """", """", """", """", """", """", """", """", """", """", """", """", """", """", """", """"]"
"["""", """", """", """", """", """", """", """", """", """", """", """", """", """"]",,"["""", """", """", """", """", """", """", """", """", """", """", """", """", """", """", """", """", """", """", """"]","["""", """"]"
,,,"["""", """", """", """", """", """", """", """", """", """", """", """", """", """", """", """", """", """", """", """", """", """", """", """", """", """", """", """", """", """", """", """", """", """", """", """", """"]"
"["""", """", """", """", """", """"]",,"["""", """", """", """", """"]",
"["""", """", """"]",,,"["""", """", """"]"
,,,"["""", """", """"]"
"["""", """", """", """", """", """", """", """", """", """", """", """"]",,,
"["""", """", """", """", """"]",,"["""", """", """", """"]",
,,,"["""", """", """"]"
,,"["""", """", """"]",
,,,"["""", """", """", """", """", """", """", """", """", """", """", """", """", """", """", """", """", """", """", """", """", """"]"
,,"["""", """", """", """", """", """", """", """", """", """", """", """", """", """", """", """"]",
"["""", """"]",,"["""", """", """", """"]","["""", """", """"]"
"["""", """", """"]",,,
"["""", """"]",,,
,,,"["""", """", """", """", """", """", """"]"
"["""", """"]",,,"["""", """", """", """", """", """", """"]"
,,,"["""", """", """", """", """", """", """", """", """", """", """", """", """", """", """", """", """", """", """", """", """", """", """", """", """", """", """", """", """", """", """", """", """", """", """", """", """", """", """", """", """", """", """", """", """", """", """", """", """", """", """", """", """", """", """", """", """", """", """", """", """", """", """", """", """", """", """", """", """", """", """", """", """", """", """", """", """", """", """", """", """", """", """", """", """", """", """", """", """", """", """", """", """", """", """", """", """", """", """", """", """", """", """", """", """", """", """", """", """", """", """", """", """", """", """", """", """", """"]"
,,"["""", """", """", """"]","["""", """"]"
,,,"[{""atributos_item"": {""atributo_item"": ["""", """", """", """", """", """", """", """"]}}, {""atributos_item"": {""atributo_item"": ["""", """", """", """", """", """", """", """"]}}, {""atributos_item"": {""atributo_item"": ["""", """", """", """", """", """", """", """"]}}, {""atributos_item"": {""atributo_item"": ["""", """", """", """", """", """", """", """"]}}, {""atributos_item"": {""atributo_item"": ["""", """", """", """", """", """", """", """", """"]}}]"
,"["""", """", """", """", """", """", """", """"]",,
,"["""", """", """", """", """", """", """", """", """"]",,
,,"["""", """"]","["""", """", """", """", """", """", """", """", """", """", """", """", """", """", """", """", """", """", """", """", """", """", """", """", """", """", """", """", """", """", """", """", """", """", """", """", """", """", """", """"]"
"["""", """", """"]",,,
,,,"["""", """", """", """"]"
"["""", """", """"]",,"["""", """", """", """", """", """", """", """"]",
,,,"["""", """", """", """", """", """", """", """", """", """", """", """", """", """", """", """", """"]"
,,,"["""", """", """", """", """", """", """", """", """", """", """", """", """", """", """", """", """", """", """", """", """", """", """", """", """", """", """", """", """", """", """", """", """"]"
"["""", """", """", """", """", """", """", """"]",,"["""", """", """", """", """", """", """", """"]",
,,,"["""", """", """", """", """"]"
"["""", """", """"]",,,"["""", """", """", """", """"]"
"["""", """"]",,,"["""", """", """", """", """", """", """", """", """", """", """", """", """", """", """", """", """", """", """", """", """", """", """", """", """"]"
,,,"["""", """", """", """", """", """", """", """", """", """", """", """", """", """", """", """", """", """", """", """", """", """", """", """", """", """"]"
,,,"["""", """"]"
"["""", """", """", """"]",,"["""", """", """", """"]",
"["""", """", """", """"]",,"["""", """"]","["""", """"]"
,,"["""", """", """", """", """", """"]",
,,,
,,,"["""", """", """", """", """", """", """", """", """", """", """", """", """", """", """", """", """", """", """", """", """", """", """", """", """", """", """", """", """", """", """", """", """", """", """", """", """", """", """", """", """", """", """", """", """", """", """", """", """", """", """", """", """", """", """", """", """", """", """", """", """", """", """", """", """", """", """", """", """", """", """", """", """", """", """", """", """"]"
"["""", """", """", """", """", """", """", """", """"]",,,
"["""", """", """"]",,,
"["""", """", """"]",,"["""", """", """", """"]","["""", """", """", """", """", """", """", """", """", """", """", """", """", """", """", """", """", """", """"]"
"["""", """", """"]",,,"["""", """"]"
,,"["""", """", """", """"]","["""", """", """", """"]"
,,,
,,,"["""", """", """", """", """", """", """", """", """", """", """", """", """", """", """"]"
"["""", """"]",,,"["""", """", """", """", """", """", """", """", """", """", """"]"
,,"["""", """", """", """"]",
"["""", """", """", """"]",,"["""", """", """", """"]",
"["""", """"]",,"["""", """"]",
,,,"["""", """", """", """", """", """", """", """", """", """", """", """", """", """", """", """", """", """", """", """", """", """", """", """", """", """", """", """", """", """", """", """", """", """", """", """", """", """", """", """", """", """", """", """", """", """", """", """", """", """", """", """", """", """", """"]"
,,"["""", """"]","["""", """"]"
"["""", """", """", """", """", """"]",,"["""", """", """", """"]",
"["""", """", """", """", """", """", """", """", """", """", """"]",,"["""", """", """", """", """", """", """", """", """", """", """", """"]",
"["""", """", """", """", """", """", """", """", """", """", """", """", """", """", """", """"]",,"["""", """"]","["""", """", """", """"]"
"["""", """", """", """", """", """", """", """", """", """", """", """", """", """"]",,"["""", """", """", """", """", """", """", """", """", """"]","["""", """"]"
,,"["""", """"]",
,,,"["""", """", """", """", """", """", """", """", """", """", """", """", """", """", """", """", """", """", """", """", """", """", """", """", """", """", """"]"
"["""", """", """", """", """", """"]",,"["""", """", """", """", """", """"]","["""", """", """"]"
"["""", """", """", """"]",,,"["""", """", """", """", """", """"]"
,,,"["""", """", """", """", """", """", """", """", """", """", """", """", """", """", """", """", """", """", """", """", """", """", """", """", """", """", """", """", """", """", """", """", """", """", """", """", """", """", """", """", """", """", """", """", """", """", """", """", """", """", """", """", """", """", """", """", """", """", """", """", """", """", """"]"
"["""", """", """", """", """", """", """", """", """", """"]",,,
"["""", """", """", """", """", """", """", """", """", """", """", """", """", """", """", """", """", """"]",,"["""", """", """", """"]",
"["""", """", """", """", """", """", """"]",,"["""", """", """", """"]",
"["""", """", """", """"]",,,
"["""", """", """", """"]",,"["""", """"]",
,,,"["""", """", """", """", """", """", """"]"
"["""", """", """"]",,,"["""", """", """", """", """", """", """", """", """", """", """", """", """", """", """", """", """", """", """", """"]"
,,,"["""", """", """", """", """", """"]"
"["""", """", """", """", """"]",,"["""", """", """", """", """", """", """", """", """", """"]",
,,,"["""", """", """", """", """", """", """", """", """", """", """", """", """", """", """", """", """", """", """", """", """", """", """", """", """", """", """", """", """", """", """", """", """", """", """", """", """"]"
"["""", """"]",,,"["""", """"]"
,,,"["""", """", """", """", """", """", """", """"]"
,,,"["""", """", """", """", """", """", """", """", """", """", """"]"
,,,"["""", """", """", """"]"
,,,"["""", """", """", """", """", """", """", """", """", """", """", """", """", """", """", """", """", """", """", """", """", """", """", """", """", """", """", """", """", """"]"
"["""", """", """", """", """", """"]",,"["""", """"]",
,,,
"["""", """"]",,,"["""", """", """"]"
,,,"["""", """", """", """", """", """", """", """", """", """", """", """", """", """", """", """", """", """", """", """", """", """", """", """", """", """", """", """", """", """", """", """", """", """", """", """", """", """"]"
"["""", """", """", """", """", """", """", """", """"]",,"["""", """"]","["""", """", """"]"
"["""", """"]",,,
,,,"["""", """", """", """", """", """", """", """", """", """", """", """", """", """", """", """", """", """", """", """", """", """", """", """", """", """", """", """", """", """", """", """", """", """", """", """", """", """", """", """", """", """", """", """", """", """", """", """", """"]"
"["""", """", """", """", """", """", """", """", """", """", """"]",,"["""", """"]",
,,,
"["""", """"]",,"["""", """", """", """", """", """", """", """", """", """", """", """", """", """", """", """"]","["""", """", """", """", """", """", """", """", """", """", """", """", """", """", """", """", """", """", """"]"
,,,"["""", """", """", """", """", """", """", """", """", """", """", """", """", """", """", """", """", """", """", """", """", """", """", """", """", """", """", """", """", """", """", """", """", """", """", """", """", """", """", """", """", """", """", """", """", """", """", """", """", """", """", """", """", """", """", """", """", """", """", """", """", """", """", """", """", """", """", """", """", """", """", """", """", """", """", """", """", """", """", """", """", """", """", """", """", """", """", """", """", """", """", """", """", """", """", """", """", """", """", """", """"]"
,,,"["""", """", """", """", """", """", """", """", """", """", """", """", """", """"]"
,,,"["""", """", """", """", """", """", """", """", """", """"]"
,,,"["""", """", """", """", """", """", """", """", """", """", """", """", """", """", """", """", """", """", """", """", """", """", """", """", """", """", """", """", """", """", """", """", """", """", """", """", """", """", """", """", """", """", """", """"]"
,,,"["""", """", """", """", """", """", """", """", """", """", """", """", """", """", """", """", """", """", """", """", """", """", """", """", """", """", """", """", """", """", """", """", """", """", """", """", """", """", """", """", """", """", """", """", """", """", """", """", """", """", """", """", """", """", """", """", """", """", """", """", """", """", """", """", """", """"]"
,,,"["""", """", """", """", """", """", """", """", """", """", """", """", """"]"
"["""", """", """"]",,"["""", """", """", """", """", """", """", """", """", """", """", """"]","["""", """", """", """", """", """", """", """", """", """", """", """", """", """", """", """", """", """", """", """", """", """", """", """", """", """", """", """", """", """", """", """", """", """", """", """", """", """", """", """", """", """", """", """", """", """", """", """", """", """", """"]"
"["""", """", """", """", """"]",,,
,,,"["""", """", """", """", """"]"
,,,"["""", """", """", """", """", """", """", """", """", """", """", """", """", """", """", """", """", """", """", """", """", """", """", """", """", """", """", """", """", """", """"]"
"["""", """"]",,"["""", """", """"]",
"["""", """", """", """", """", """", """", """", """", """", """", """", """", """", """", """", """", """"]",,"["""", """", """", """", """", """", """", """", """", """", """", """", """", """", """", """", """", """", """", """"]","["""", """", """", """", """"]"
"["""", """", """", """", """", """", """", """", """", """", """", """", """", """", """", """", """", """", """"]",,"["""", """", """", """", """", """", """", """", """", """", """", """", """", """", """", """", """", """", """", """"]","["""", """", """", """"]"
"["""", """", """", """", """", """", """", """", """", """", """", """", """", """", """"]",,"["""", """", """", """", """", """", """", """", """", """", """", """", """", """", """", """", """", """", """", """"]","["""", """", """", """"]"
"["""", """", """", """", """", """", """", """", """", """", """", """", """", """", """", """", """", """", """"]",,"["""", """", """", """", """", """", """", """", """", """", """", """", """", """", """", """", """", """", """", """"]","["""", """", """", """", """"]"
,,,"["""", """", """", """", """", """", """", """", """", """", """", """", """"]"
"["""", """", """", """"]",,,
"["""", """", """", """", """", """", """"]",,"["""", """"]","["""", """", """", """", """", """", """", """"]"
"["""", """", """", """", """", """", """", """", """", """", """", """", """", """", """", """", """", """", """", """"]",,,
,,,"["""", """", """", """", """", """", """", """", """", """", """", """", """", """", """", """", """", """", """", """", """", """", """", """", """", """", """", """", """", """", """", """", """", """", """", """", """", """", """", """", """", """", """"]"
"["""", """", """", """"]",,"["""", """", """", """", """", """", """", """"]",
"["""", """", """", """", """", """", """", """", """", """"]",,"["""", """", """", """"]","["""", """", """"]"
"["""", """"]",,"["""", """", """", """"]","["""", """"]"
,,,"["""", """", """", """", """", """", """", """", """", """", """", """", """", """", """", """", """", """", """", """"]"
"["""", """", """", """"]",,,"["""", """", """", """"]"
,,,"["""", """", """", """", """", """", """", """", """", """", """", """", """", """", """", """", """", """", """", """", """", """", """", """", """", """", """", """", """", """", """", """", """", """", """", """", """", """", """", """", """", """", """", """", """", """", """", """", """", """", """", """", """", """", """", """", """", """", """", """", """", """", """", """", """", """", """", """", """", """", """", """", """", """", """", """", """", """", """", """", """", """", """", """", """", """", """", """", """", """", """", """", """", """", """", """", """"]"
"["""", """", """", """", """", """"]",,"["""", """", """", """"]","["""", """"]"
,,"["""", """", """", """", """", """", """", """"]","["""", """"]"
"["""", """", """", """"]",,"["""", """", """"]",
"["""", """", """", """", """"]",,"["""", """", """", """"]",
"["""", """"]",,"["""", """", """", """"]",
,,,"["""", """", """", """", """", """", """", """", """"]"
"["""", """", """", """", """", """", """"]",,"["""", """", """", """"]","["""", """", """", """", """", """", """", """", """", """", """", """", """", """", """", """", """", """", """", """", """", """", """", """", """"]"
,,,"["""", """", """", """", """", """", """", """", """", """", """", """", """", """", """", """", """", """", """", """", """", """", """", """", """", """", """", """", """", """", """", """", """", """", """", """", """", """", """", """", """", """", """", """", """", """", """", """", """", """", """", """", """", """", """", """", """", """", """", """", """", """", """", """", """"]"
"["""", """", """", """", """", """", """", """"]",,"["""", """", """", """"]",
,,,"["""", """", """", """", """", """", """", """", """", """", """", """", """", """", """", """", """", """", """", """", """", """", """", """", """", """", """", """", """", """", """", """", """", """", """", """", """", """", """", """", """", """", """", """", """", """"]"
"["""", """"]",,"["""", """", """", """", """", """"]",
"["""", """"]",,,"["""", """", """"]"
"["""", """", """", """", """"]",,"["""", """", """", """", """", """", """", """"]",
"["""", """"]",,,"["""", """", """", """", """", """"]"
"["""", """", """", """"]",,"["""", """", """", """"]","["""", """", """", """", """", """", """", """", """", """", """", """"]"
,,,"["""", """", """", """", """", """", """", """", """", """", """", """", """", """", """", """", """", """", """", """", """", """", """", """", """", """", """", """", """", """", """", """", """", """", """", """", """", """", """", """", """", """", """", """", """", """", """", """", """", """", """", """", """", """", """", """", """", """", """", """", """", """", """", """", """", """", """"]"
,,,"["""", """", """", """", """", """", """", """", """", """", """", """", """", """", """", """", """", """", """", """", """", """", """", """", """", """"]"
,,,"["""", """", """", """", """", """", """", """", """", """", """", """", """", """", """", """"]"
"["""", """", """", """", """", """", """", """"]",,"["""", """", """", """", """", """"]",
"["""", """", """", """", """"]",,"["""", """", """", """", """", """", """", """"]","["""", """", """", """", """", """"]"
"["""", """", """", """"]",,"["""", """"]",
"["""", """", """", """", """", """", """", """", """", """", """", """", """", """"]",,"["""", """", """", """", """", """", """", """", """", """", """", """", """", """", """", """", """", """", """", """", """", """", """", """", """", """", """", """", """", """", """", """", """", """", """", """", """", """", """", """"]",
"["""", """", """", """", """", """", """", """", """"]",,"["""", """", """", """", """", """", """", """"]",
"["""", """", """", """", """", """", """"]",,,"[{""atributos_item"": {""atributo_item"": ["""", """", """", """", """", """", """", """", """", """", """", """", """", """"]}}, {""atributos_item"": {""atributo_item"": ["""", """", """", """", """", """", """", """", """", """", """", """", """", """"]}}, {""atributos_item"": {""atributo_item"": ["""", """", """", """", """", """", """", """", """", """", """", """", """", """"]}}, {""atributos_item"": {""atributo_item"": ["""", """", """", """", """", """", """", """", """", """", """", """", """", """"]}}, {""atributos_item"": {""atributo_item"": ["""", """", """", """", """", """", """", """", """", """", """", """", """"]}}, {""atributos_item"": {""atributo_item"": ["""", """", """", """", """", """", """", """", """", """", """", """", """"]}}, {""atributos_item"": {""atributo_item"": ["""", """", """", """", """", """", """", """", """", """", """", """", """"]}}, {""atributos_item"": {""atributo_item"": ["""", """", """", """", """", """", """", """", """", """", """"]}}, {""atributos_item"": {""atributo_item"": ["""", """", """", """", """", """", """", """", """", """", """"]}}, {""atributos_item"": {""atributo_item"": ["""", """", """", """", """", """", """"]}}, {""atributos_item"": {""atributo_item"": ["""", """", """", """", """", """", """"]}}, {""atributos_item"": {""atributo_item"": ["""", """", """", """", """", """", """"]}}, {""atributos_item"": {""atributo_item"": ["""", """", """", """", """", """", """"]}}, {""atributos_item"": {""atributo_item"": ["""", """", """", """", """", """", """"]}}, {""atributos_item"": {""atributo_item"": ["""", """", """", """", """", """", """", """", """", """", """", """", """"]}}, {""atributos_item"": {""atributo_item"": ["""", """", """", """", """", """", """", """", """", """", """", """", """"]}}, {""atributos_item"": {""atributo_item"": ["""", """", """", """", """", """", """", """", """", """", """", """", """"]}}, {""atributos_item"": {""atributo_item"": ["""", """", """", """", """", """", """", """", """", """", """", """", """"]}}, {""atributos_item"": {""atributo_item"": ["""", """", """", """", """", """", """", """", """", """", """", """", """"]}}, {""atributos_item"": {""atributo_item"": ["""", """", """", """", """", """", """", """", """", """", """", """", """"]}}, {""atributos_item"": {""atributo_item"": ["""", """", """", """", """", """", """", """", """", """", """", """", """"]}}, {""atributos_item"": {""atributo_item"": ["""", """", """", """", """", """", """", """", """", """", """", """", """"]}}, {""atributos_item"": {""atributo_item"": ["""", """", """", """", """", """", {""atributo_valores"": {""atributo_valor"": ["""", """", """"]}}, """", """", """", """", """", """"]}}, {""atributos_item"": {""atributo_item"": ["""", """", """", """", """", """", {""atributo_valores"": {""atributo_valor"": ["""", """", """"]}}, """", """", """", """", """", """"]}}, {""atributos_item"": {""atributo_item"": ["""", """", """", """", """", """", {""atributo_valores"": {""atributo_valor"": ["""", """", """"]}}, """", """", """", """", """", """"]}}, {""atributos_item"": {""atributo_item"": ["""", """", """", """", """", """", {""atributo_valores"": {""atributo_valor"": ["""", """", """"]}}, """", """", """", """", """", """"]}}, {""atributos_item"": {""atributo_item"": ["""", """", """", """", """", """", {""atributo_valores"": {""atributo_valor"": ["""", """"]}}, """", """", """", """", """", """", """"]}}, {""atributos_item"": {""atributo_item"": ["""", """", """", """", """", """", {""atributo_valores"": {""atributo_valor"": ["""", """"]}}, """", """", """", """", """", """", """"]}}, {""atributos_item"": {""atributo_item"": ["""", """", """", """", """", """", {""atributo_valores"": {""atributo_valor"": ["""", """"]}}, """", """", """", """", """", """", """"]}}, {""atributos_item"": {""atributo_item"": ["""", """", """", """", """", """", {""atributo_valores"": {""atributo_valor"": ["""", """"]}}, """", """", """", """", """", """", """"]}}, {""atributos_item"": {""atributo_item"": ["""", """", """", """", """"]}}, {""atributos_item"": {""atributo_item"": ["""", """", """", """", """"]}}, {""atributos_item"": {""atributo_item"": ["""", """", """", """", """"]}}, {""atributos_item"": {""atributo_item"": ["""", """", """", """", """"]}}, {""atributos_item"": {""atributo_item"": ["""", """", """", """", """", """", """", """"]}}, {""atributos_item"": {""atributo_item"": ["""", """", """", """", """", """", """", """"]}}, {""atributos_item"": {""atributo_item"": ["""", """", """", """", """", """", """", """"]}}, {""atributos_item"": {""atributo_item"": ["""", """", """", """", """", """", """", """"]}}, {""atributos_item"": {""atributo_item"": ["""", """", """", """", """", """", """", """"]}}, {""atributos_item"": {""atributo_item"": ["""", """", """", """", """", """", """", """"]}}, {""atributos_item"": {""atributo_item"": ["""", """", """", """", """", """", """", """"]}}, {""atributos_item"": {""atributo_item"": ["""", """", """", """", """", """", """", """"]}}, {""atributos_item"": {""atributo_item"": ["""", """", """", """", """", """", """", """"]}}, {""atributos_item"": {""atributo_item"": ["""", """", """", """", """", """", """", """"]}}, {""atributos_item"": {""atributo_item"": ["""", """", """", """", """", """", """", """"]}}, {""atributos_item"": {""atributo_item"": ["""", """", """", """", """", """", """", """"]}}, {""atributos_item"": {""atributo_item"": ["""", """", """", """", """", """", """", """"]}}, {""atributos_item"": {""atributo_item"": ["""", """", """", """", """", """", """", """"]}}, {""atributos_item"": {""atributo_item"": ["""", """", """", """", """", """", """", """"]}}, {""atributos_item"": {""atributo_item"": ["""", """", """", """", """", """", """", """"]}}, {""atributos_item"": {""atributo_item"": ["""", """", """", """", """", """", """", """"]}}, {""atributos_item"": {""atributo_item"": ["""", """", """", """", """", """", """", """"]}}, {""atributos_item"": {""atributo_item"": ["""", """", """", """", """", """", """", """"]}}, {""atributos_item"": {""atributo_item"": ["""", """", """", """", """", """", """", """"]}}, {""atributos_item"": {""atributo_item"": ["""", """", """", """", """", """", """", """"]}}, {""atributos_item"": {""atributo_item"": ["""", """", """", """", """", """", """", """"]}}, {""atributos_item"": {""atributo_item"": ["""", """", """", """", """", """", """", """"]}}, {""atributos_item"": {""atributo_item"": ["""", """", """", """", """", """", """", """"]}}, {""atributos_item"": {""atributo_item"": ["""", """", """", """", """", """", """", """"]}}, {""atributos_item"": {""atributo_item"": ["""", """", """", """", """", """", """", """"]}}, {""atributos_item"": {""atributo_item"": ["""", """", """", """", """", """", """", """"]}}, {""atributos_item"": {""atributo_item"": ["""", """", """", """", """", """", """", """"]}}, {""atributos_item"": {""atributo_item"": ["""", """", """", """", """", """", """", """"]}}, {""atributos_item"": {""atributo_item"": ["""", """", """", """", """", """", """", """"]}}, {""atributos_item"": {""atributo_item"": ["""", """", """", """", """", """", """", """"]}}, {""atributos_item"": {""atributo_item"": ["""", """", """", """", """", """", """", """"]}}, {""atributos_item"": {""atributo_item"": ["""", """", """", """", """", """", """", """"]}}, {""atributos_item"": {""atributo_item"": ["""", """", """", """", """", """", """", """"]}}, {""atributos_item"": {""atributo_item"": ["""", """", """", """", """", """", """", """"]}}, {""atributos_item"": {""atributo_item"": ["""", """", """", """", """", """", """", """"]}}, {""atributos_item"": {""atributo_item"": ["""", """", """", """", """", """", """", """"]}}, {""atributos_item"": {""atributo_item"": ["""", """", """", """", """", """", """", """"]}}, {""atributos_item"": {""atributo_item"": [{""atributo_valores"": {""atributo_valor"": ["""", """", """", """", """", """"]}}, """", """", {""atributo_valores"": {""atributo_valor"": ["""", """"]}}, """", """"]}}, {""atributos_item"": {""atributo_item"": [{""atributo_valores"": {""atributo_valor"": ["""", """", """", """", """", """"]}}, """", """", """", """", """"]}}, {""atributos_item"": {""atributo_item"": [{""atributo_valores"": {""atributo_valor"": ["""", """", """", """", """", """"]}}, """", """", {""atributo_valores"": {""atributo_valor"": ["""", """"]}}, """", """"]}}, {""atributos_item"": {""atributo_item"": ["""", """", {""atributo_valores"": {""atributo_valor"": ["""", """", """", """", """"]}}, {""atributo_valores"": {""atributo_valor"": ["""", """"]}}, """", {""atributo_valores"": {""atributo_valor"": ["""", """", """"]}}, {""atributo_valores"": {""atributo_valor"": ["""", """", """", """", """", """"]}}, """"]}}, {""atributos_item"": {""atributo_item"": ["""", """", {""atributo_valores"": {""atributo_valor"": ["""", """", """", """", """"]}}, {""atributo_valores"": {""atributo_valor"": ["""", """"]}}, """", {""atributo_valores"": {""atributo_valor"": ["""", """", """"]}}, {""atributo_valores"": {""atributo_valor"": ["""", """", """", """", """", """"]}}, """"]}}, {""atributos_item"": {""atributo_item"": ["""", """", {""atributo_valores"": {""atributo_valor"": ["""", """", """", """", """"]}}, {""atributo_valores"": {""atributo_valor"": ["""", """"]}}, """", {""atributo_valores"": {""atributo_valor"": ["""", """", """"]}}, {""atributo_valores"": {""atributo_valor"": ["""", """", """", """", """", """"]}}, """"]}}, {""atributos_item"": {""atributo_item"": ["""", """", {""atributo_valores"": {""atributo_valor"": ["""", """", """", """", """"]}}, {""atributo_valores"": {""atributo_valor"": ["""", """"]}}, """", {""atributo_valores"": {""atributo_valor"": ["""", """", """"]}}, {""atributo_valores"": {""atributo_valor"": ["""", """", """", """", """", """"]}}, """"]}}, {""atributos_item"": {""atributo_item"": ["""", """", {""atributo_valores"": {""atributo_valor"": ["""", """", """", """", """"]}}, """", """", {""atributo_valores"": {""atributo_valor"": ["""", """", """"]}}, {""atributo_valores"": {""atributo_valor"": ["""", """", """", """", """", """"]}}, """"]}}, {""atributos_item"": {""atributo_item"": ["""", """", """", """", """", """", """"]}}, {""atributos_item"": {""atributo_item"": ["""", """", """", """", """", """", """"]}}, {""atributos_item"": {""atributo_item"": ["""", """", """", """", """", """", """", """", """", """"]}}, {""atributos_item"": {""atributo_item"": ["""", """", """", """", """", """", """", """", """", """"]}}, {""atributos_item"": {""atributo_item"": ["""", """", """", """", """", """", """", """", """", """"]}}, {""atributos_item"": {""atributo_item"": ["""", """", """", """", """", """", """", """", """", """"]}}, {""atributos_item"": {""atributo_item"": ["""", """", """", """", """", """", """", """", """", """"]}}, {""atributos_item"": {""atributo_item"": ["""", """", """", """", """", """", """", """", """", """"]}}, {""atributos_item"": {""atributo_item"": ["""", """", """", """", """", """", """", """", """", """"]}}, {""atributos_item"": {""atributo_item"": ["""", """", """", """", """", """", """", """", """", """"]}}, {""atributos_item"": {""atributo_item"": ["""", """", """", """", """", """", """", """", """", """"]}}, {""atributos_item"": {""atributo_item"": ["""", """", """", """", """", """", """", """", """", """"]}}, {""atributos_item"": {""atributo_item"": ["""", """", """", """", """", """", """", """", """", """"]}}, {""atributos_item"": {""atributo_item"": ["""", """", """", """", """", """", """", """", """", """"]}}, {""atributos_item"": {""atributo_item"": ["""", """", """", """", """", """", """", {""atributo_valores"": {""atributo_valor"": ["""", """"]}}, """"]}}, {""atributos_item"": {""atributo_item"": ["""", """", """", """", """", """", """", {""atributo_valores"": {""atributo_valor"": ["""", """"]}}, """"]}}, {""atributos_item"": {""atributo_item"": ["""", """", """", """", """", """", """", {""atributo_valores"": {""atributo_valor"": ["""", """"]}}, """"]}}, {""atributos_item"": {""atributo_item"": ["""", """", """", """", """", """", {""atributo_valores"": {""atributo_valor"": ["""", """", """"]}}, """", """", """", """", """", """"]}}, {""atributos_item"": {""atributo_item"": ["""", """", """", """", """", """", """", """", """", """", """", """", """"]}}, {""atributos_item"": {""atributo_item"": ["""", """", """", """", """", """", """", """", """", """", """", """", """"]}}, {""atributos_item"": {""atributo_item"": ["""", """", """", """", """", """", """", """", """"]}}, {""atributos_item"": {""atributo_item"": ["""", """", """", """", """", """", """", """", """"]}}, {""atributos_item"": {""atributo_item"": ["""", """", """", """", """", """", """", """", """"]}}, {""atributos_item"": {""atributo_item"": ["""", """", """", """", """", """", """", """", """"]}}, {""atributos_item"": {""atributo_item"": ["""", """", """", """", """", """", """", """", """"]}}, {""atributos_item"": {""atributo_item"": ["""", """", """", """", """", """", """", """", """"]}}, {""atributos_item"": {""atributo_item"": ["""", """", """", """", """", """", """", """", """"]}}, {""atributos_item"": {""atributo_item"": ["""", """", """", """", """", """", """", """", """"]}}, {""atributos_item"": {""atributo_item"": ["""", """", """", """", """", """", """", """", """"]}}, {""atributos_item"": {""atributo_item"": ["""", """", """", """", """", """", """", """", """"]}}, {""atributos_item"": {""atributo_item"": ["""", """", """", """", """", """", """", """", """"]}}, {""atributos_item"": {""atributo_item"": ["""", """", """", """", """", """", """", {""atributo_valores"": {""atributo_valor"": ["""", """"]}}]}}, {""atributos_item"": {""atributo_item"": ["""", """", """", """", """", """", """", {""atributo_valores"": {""atributo_valor"": ["""", """", """"]}}]}}, {""atributos_item"": {""atributo_item"": ["""", """", """", """", """", """", """", """"]}}, {""atributos_item"": {""atributo_item"": ["""", """", """", """", """", """", """", {""atributo_valores"": {""atributo_valor"": ["""", """"]}}]}}, {""atributos_item"": {""atributo_item"": ["""", """", """", """", """", """", """", {""atributo_valores"": {""atributo_valor"": ["""", """", """"]}}]}}, {""atributos_item"": {""atributo_item"": ["""", """", """", """", """", """", """", """"]}}, {""atributos_item"": {""atributo_item"": ["""", """", """", """", """", """", """", {""atributo_valores"": {""atributo_valor"": ["""", """"]}}]}}, {""atributos_item"": {""atributo_item"": ["""", """", """", """", """", """", """", {""atributo_valores"": {""atributo_valor"": ["""", """", """"]}}]}}, {""atributos_item"": {""atributo_item"": ["""", """", """", """", """", """", """", """"]}}, {""atributos_item"": {""atributo_item"": ["""", """", """", """", """", """", {""atributo_valores"": {""atributo_valor"": ["""", """", """"]}}, {""atributo_valores"": {""atributo_valor"": ["""", """"]}}]}}, {""atributos_item"": {""atributo_item"": ["""", """", """", """", """", """", {""atributo_valores"": {""atributo_valor"": ["""", """", """"]}}, {""atributo_valores"": {""atributo_valor"": ["""", """", """"]}}]}}, {""atributos_item"": {""atributo_item"": ["""", """", """", """", """", """", {""atributo_valores"": {""atributo_valor"": ["""", """", """"]}}, """"]}}, {""atributos_item"": {""atributo_item"": ["""", """", """", """", """", """", {""atributo_valores"": {""atributo_valor"": ["""", """", """"]}}, {""atributo_valores"": {""atributo_valor"": ["""", """"]}}]}}, {""atributos_item"": {""atributo_item"": ["""", """", """", """", """", """", {""atributo_valores"": {""atributo_valor"": ["""", """", """"]}}, {""atributo_valores"": {""atributo_valor"": ["""", """", """"]}}]}}, {""atributos_item"": {""atributo_item"": ["""", """", """", """", """", """", {""atributo_valores"": {""atributo_valor"": ["""", """", """"]}}, """"]}}, {""atributos_item"": {""atributo_item"": ["""", """", """", """", """", """", {""atributo_valores"": {""atributo_valor"": ["""", """", """"]}}, {""atributo_valores"": {""atributo_valor"": ["""", """"]}}]}}, {""atributos_item"": {""atributo_item"": ["""", """", """", """", """", """", {""atributo_valores"": {""atributo_valor"": ["""", """", """"]}}, {""atributo_valores"": {""atributo_valor"": ["""", """", """"]}}]}}, {""atributos_item"": {""atributo_item"": ["""", """", """", """", """", """", {""atributo_valores"": {""atributo_valor"": ["""", """", """"]}}, """"]}}, {""atributos_item"": {""atributo_item"": [{""atributo_valores"": {""atributo_valor"": ["""", """", """"]}}, """", """", """", """", """", """", {""atributo_valores"": {""atributo_valor"": ["""", """", """"]}}, {""atributo_valores"": {""atributo_valor"": ["""", """"]}}, {""atributo_valores"": {""atributo_valor"": ["""", """", """"]}}, """"]}}, {""atributos_item"": {""atributo_item"": [{""atributo_valores"": {""atributo_valor"": ["""", """", """"]}}, """", """", """", """", """", """", {""atributo_valores"": {""atributo_valor"": ["""", """", """"]}}, {""atributo_valores"": {""atributo_valor"": ["""", """"]}}, {""atributo_valores"": {""atributo_valor"": ["""", """", """"]}}, """"]}}, {""atributos_item"": {""atributo_item"": ["""", """", """", """", """", """", """", """", """", """"]}}, {""atributos_item"": {""atributo_item"": ["""", """", """", """", """", """", """", """", """"]}}, {""atributos_item"": {""atributo_item"": ["""", """", """", """", """", {""atributo_valores"": {""atributo_valor"": ["""", """"]}}, """", """", """", """"]}}, {""atributos_item"": {""atributo_item"": ["""", """", """", """", """", {""atributo_valores"": {""atributo_valor"": ["""", """"]}}, """", """", """", """"]}}, {""atributos_item"": {""atributo_item"": ["""", """", """", """", """", """", """", """"]}}, {""atributos_item"": {""atributo_item"": ["""", """", """", """", """", """", """", """"]}}, {""atributos_item"": {""atributo_item"": ["""", """", """", """", """", """", """", """"]}}, {""atributos_item"": {""atributo_item"": ["""", """", """", """", """", """", """", """"]}}, {""atributos_item"": {""atributo_item"": ["""", """", """", """", """", """", """", """", """", """", """", """", """"]}}, {""atributos_item"": {""atributo_item"": ["""", """", """", """", """", """", """", """", """", """", """", """", """"]}}, {""atributos_item"": {""atributo_item"": ["""", """", """", """", """", """", """", """", """", """", """", """", """"]}}, {""atributos_item"": {""atributo_item"": ["""", """", """", """", """", """", """", """", """", """", """", """", """"]}}, {""atributos_item"": {""atributo_item"": ["""", """", """", """", """", """", """", """", """", """", """", """"]}}, {""atributos_item"": {""atributo_item"": ["""", """", """", """", """", """", """", """", """", """", """", """"]}}, {""atributos_item"": {""atributo_item"": ["""", """", """", """", """", """", """", """", """", """", """", """", """"]}}, {""atributos_item"": {""atributo_item"": ["""", """", """", """", """", """", """", """", """", """", """", """", """"]}}, {""atributos_item"": {""atributo_item"": ["""", """", """", """", """", """", """", """", """", """", """", """", """"]}}, {""atributos_item"": {""atributo_item"": ["""", """", """", """", """", """", """", """", """", """", """", """", """"]}}, {""atributos_item"": {""atributo_item"": ["""", """", """", """", """", """", """", """", """", """", """", """"]}}, {""atributos_item"": {""atributo_item"": ["""", """", """", """", """", """", """", """", """", """", """", """"]}}, {""atributos_item"": {""atributo_item"": ["""", """", """", {""atributo_valores"": {""atributo_valor"": ["""", """", """"]}}, """", """", """", """", {""atributo_valores"": {""atributo_valor"": ["""", """"]}}, """", """", """", """"]}}, {""atributos_item"": {""atributo_item"": ["""", """", """", {""atributo_valores"": {""atributo_valor"": ["""", """", """"]}}, """", """", """", """", {""atributo_valores"": {""atributo_valor"": ["""", """"]}}, """", """", """", """"]}}, {""atributos_item"": {""atributo_item"": ["""", """", """", {""atributo_valores"": {""atributo_valor"": ["""", """", """"]}}, """", """", """", """", {""atributo_valores"": {""atributo_valor"": ["""", """"]}}, """", """", """", """"]}}, {""atributos_item"": {""atributo_item"": ["""", """", """", {""atributo_valores"": {""atributo_valor"": ["""", """", """"]}}, """", """", """", """", {""atributo_valores"": {""atributo_valor"": ["""", """"]}}, """", """", """", """"]}}]"
,"["""", """", """", """", """", """", """", """", """", """", """", """", """", """"]",,
,"["""", """", """", """", """", """", """", """", """", """", """", """", """"]",,
,"["""", """", """", """", """", """", """", """", """", """", """"]",,
,"["""", """", """", """", """", """", """"]",,
,"["""", """", """", """", """", """", {""atributo_valores"": {""atributo_valor"": ["""", """", """"]}}, """", """", """", """", """", """"]",,
,"["""", """", """", """", """", """", {""atributo_valores"": {""atributo_valor"": ["""", """"]}}, """", """", """", """", """", """", """"]",,
,"["""", """", """", """", """"]",,
,"[{""atributo_valores"": {""atributo_valor"": ["""", """", """", """", """", """"]}}, """", """", {""atributo_valores"": {""atributo_valor"": ["""", """"]}}, """", """"]",,
,"[{""atributo_valores"": {""atributo_valor"": ["""", """", """", """", """", """"]}}, """", """", """", """", """"]",,
,"["""", """", {""atributo_valores"": {""atributo_valor"": ["""", """", """", """", """"]}}, {""atributo_valores"": {""atributo_valor"": ["""", """"]}}, """", {""atributo_valores"": {""atributo_valor"": ["""", """", """"]}}, {""atributo_valores"": {""atributo_valor"": ["""", """", """", """", """", """"]}}, """"]",,
,"["""", """", {""atributo_valores"": {""atributo_valor"": ["""", """", """", """", """"]}}, """", """", {""atributo_valores"": {""atributo_valor"": ["""", """", """"]}}, {""atributo_valores"": {""atributo_valor"": ["""", """", """", """", """", """"]}}, """"]",,
,"["""", """", """", """", """", """", """", """", """", """"]",,
,"["""", """", """", """", """", """", """", {""atributo_valores"": {""atributo_valor"": ["""", """"]}}, """"]",,
,"["""", """", """", """", """", """", """", {""atributo_valores"": {""atributo_valor"": ["""", """"]}}]",,
,"["""", """", """", """", """", """", """", {""atributo_valores"": {""atributo_valor"": ["""", """", """"]}}]",,
,"["""", """", """", """", """", """", {""atributo_valores"": {""atributo_valor"": ["""", """", """"]}}, {""atributo_valores"": {""atributo_valor"": ["""", """"]}}]",,
,"["""", """", """", """", """", """", {""atributo_valores"": {""atributo_valor"": ["""", """", """"]}}, {""atributo_valores"": {""atributo_valor"": ["""", """", """"]}}]",,
,"["""", """", """", """", """", """", {""atributo_valores"": {""atributo_valor"": ["""", """", """"]}}, """"]",,
,"[{""atributo_valores"": {""atributo_valor"": ["""", """", """"]}}, """", """", """", """", """", """", {""atributo_valores"": {""atributo_valor"": ["""", """", """"]}}, {""atributo_valores"": {""atributo_valor"": ["""", """"]}}, {""atributo_valores"": {""atributo_valor"": ["""", """", """"]}}, """"]",,
,"["""", """", """", """", """", {""atributo_valores"": {""atributo_valor"": ["""", """"]}}, """", """", """", """"]",,
,"["""", """", """", """", """", """", """", """", """", """", """", """"]",,
,"["""", """", """", {""atributo_valores"": {""atributo_valor"": ["""", """", """"]}}, """", """", """", """", {""atributo_valores"": {""atributo_valor"": ["""", """"]}}, """", """", """", """"]",,
"["""", """"]",,,"["""", """", """", """"]"
,,,"["""", """", """", """", """", """", """", """", """", """"]"
"["""", """", """", """"]",,"["""", """", """", """", """", """", """", """", """", """"]",
"["""", """", """", """", """", """"]",,"["""", """", """", """", """", """", """", """"]",
"["""", """", """", """", """"]",,"["""", """"]","["""", """"]"
,,,"["""", """", """", """", """", """", """", """", """", """", """", """", """", """", """", """", """", """", """", """", """", """", """", """"]"
,,,"["""", """", """", """", """", """", """", """", """", """", """", """", """", """", """", """"]"
,,,"["""", """", """", """", """", """", """", """", """", """", """", """", """", """", """", """", """", """"]"
,,,"["""", """", """", """", """", """", """", """", """", """", """", """", """", """", """", """", """", """", """"]"
,,,"["""", """", """", """", """", """", """", """", """", """", """", """", """", """"]"
,,"["""", """"]",
"["""", """", """"]",,,"["""", """", """", """"]"
"["""", """", """", """", """", """", """"]",,"["""", """", """", """", """", """"]","["""", """"]"
"["""", """", """", """", """"]",,"["""", """", """", """", """"]",
"["""", """", """", """", """", """", """"]",,"["""", """", """", """", """", """", """", """"]","["""", """", """", """"]"
"["""", """", """", """"]",,"["""", """", """", """"]","["""", """", """", """"]"
,,"["""", """", """", """"]",
"["""", """", """", """", """", """", """", """", """", """"]",,"["""", """", """", """"]",
,,,"["""", """", """", """", """", """", """", """", """", """", """", """", """", """", """", """", """", """", """"]"
,,,"["""", """", """", """"]"
"["""", """", """", """", """", """"]",,,
"["""", """", """", """", """", """", """", """", """", """", """", """", """", """", """", """", """"]",,"["""", """", """", """"]","["""", """", """"]"
"["""", """", """", """", """", """"]",,"["""", """", """", """", """", """", """", """"]",
"["""", """", """", """", """", """", """", """", """", """", """", """"]",,"["""", """", """", """"]","["""", """", """", """", """", """", """", """", """"]"
,,"["""", """", """", """"]","["""", """", """", """", """", """", """", """", """", """", """", """", """", """", """", """", """", """", """", """", """", """", """", """", """", """", """", """", """", """", """", """", """", """", """", """", """", """", """", """", """", """", """", """", """", """", """", """", """", """", """", """", """", """", """", """", """", """", """", """", """", """", """", """", """", """", """", """", """", """", """", """", """", """", """", """", """", """", """", """", """", """", """", """", """", """", """", """", """", """", """", """", """", """", """", """", """", """", """", """", """", """", """", """", """", """", """", """", """", """", """", """", """", """", """", """", """", """", """", """", """", """", """", """", """", """", """", """", """", """"]"
"["""", """"]",,,"["""", """", """", """", """", """", """", """", """", """", """", """", """"]"
,,,"["""", """", """", """", """", """", """", """", """", """", """", """", """", """", """", """", """", """", """", """", """", """", """", """", """", """", """", """", """", """", """", """", """", """", """", """", """", """", """", """", """"]"
,,,"["""", """", """", """", """", """", """", """", """", """", """", """", """", """", """", """", """", """", """", """", """", """", """", """", """", """", """", """", """", """", """", """", """", """", """", """", """", """", """", """", """", """", """", """", """", """", """", """", """", """", """", """", """", """", """", """", """", """", """"]"
"["""", """", """"]",,"["""", """"]","["""", """", """"]"
"["""", """", """", """", """", """", """", """", """", """", """", """", """", """", """", """", """", """", """", """", """", """", """", """", """", """", """"]",,"["""", """", """", """", """", """", """", """", """", """", """", """", """", """", """", """", """", """", """", """"]","["""", """", """", """", """", """", """"]"
"["""", """", """", """", """", """", """", """", """", """", """", """", """", """", """", """"]",,"["""", """", """", """", """", """"]","["""", """", """", """"]"
"["""", """", """", """"]",,"["""", """", """", """", """", """"]","["""", """", """", """"]"
"["""", """", """", """", """", """", """"]",,"["""", """", """", """", """", """"]","["""", """", """", """", """", """", """", """", """", """", """", """", """", """", """", """", """", """", """", """", """", """", """", """", """", """", """", """", """", """", """", """", """", """", """", """"]"
"["""", """", """", """", """", """", """", """", """", """", """", """", """", """"]",,"["""", """", """", """", """", """", """", """", """", """", """", """", """", """", """", """"]",
"["""", """", """", """", """", """", """", """", """"]",,"["""", """", """", """"]",
"["""", """", """", """", """", """"]",,,
"["""", """", """", """"]",,,"["""", """"]"
"["""", """", """", """", """"]",,"["""", """"]",
"["""", """", """", """", """"]",,"["""", """", """", """", """", """"]","["""", """", """", """", """", """", """", """", """", """", """", """"]"
,,,"["""", """", """", """", """", """", """", """", """", """", """", """", """", """", """", """", """", """"]"
